freq,nrg_cons,siec,unit,geo\TIME_PERIOD	2017 	2018 	2019 	2020 	2021 	2022 	2023 	2024 	2025 
A,KWH1000-2499,E7000,PC,AL	: 	44.6000 e	49.8000 e	63.4000 e	56.6000 e	65.2000 e	66.9000 e	67.6000 e	67.6000 e
A,KWH1000-2499,E7000,PC,AT	15.1000 	15.5000 	15.3000 	16.3000 	16.0000 	15.1000 	16.3000 	18.6300 	19.4000 
A,KWH1000-2499,E7000,PC,BA	10.8410 	11.1388 	11.1351 	10.5761 	10.6627 	10.8370 	10.5446 	10.0569 	9.6311 
A,KWH1000-2499,E7000,PC,BE	16.9961 	18.2751 	19.9409 	21.4815 	21.0313 	20.6610 	21.6359 	21.8027 	21.6874 
A,KWH1000-2499,E7000,PC,BG	14.6000 	15.0077 	15.6930 	14.2419 	14.1649 	13.5228 	13.3845 	12.6939 	10.5265 
A,KWH1000-2499,E7000,PC,CY	: 	13.1282 	11.7442 	10.3994 	11.0514 	16.0995 	14.7792 	14.3980 	15.1630 
A,KWH1000-2499,E7000,PC,CZ	18.0000 	18.0000 	17.0000 	18.0000 	18.0000 	18.0000 	18.0000 	18.0000 	18.0000 
A,KWH1000-2499,E7000,PC,DE	28.0000 	25.0000 	29.7335 	28.2400 	26.1750 	27.2200 	28.7400 	29.7700 	30.1977 
A,KWH1000-2499,E7000,PC,DK	15.0000 	15.0000 	17.2000 	17.2000 	17.2000 	17.2000 	17.2000 	17.2000 	17.2000 
A,KWH1000-2499,E7000,PC,EA	10.3328 	13.1567 	17.5418 	21.0497 	20.2570 	: 	: 	: 	: 
A,KWH1000-2499,E7000,PC,EE	16.4480 	15.0059 	15.0180 	13.9439 	19.1099 	12.8640 	11.7741 	10.8819 	10.8389 
A,KWH1000-2499,E7000,PC,EL	10.6200 	17.5800 	16.4900 	19.3300 	15.0400 	17.5402 	24.9600 	24.1000 	21.1700 
A,KWH1000-2499,E7000,PC,ES	: 	: 	27.6551 	23.7456 	26.3000 	27.0000 	29.8995 	30.2560 	26.7618 
A,KWH1000-2499,E7000,PC,EU27_2020	14.0855 	16.8473 	21.5528 	20.9759 	20.2456 	20.8312 	: 	: 	: 
A,KWH1000-2499,E7000,PC,FI	7.7900 	8.0000 	8.0000 	7.8000 	7.1410 	7.1694 	8.0100 	7.4853 	8.7582 
A,KWH1000-2499,E7000,PC,FR	9.1465 	9.1336 	9.5802 	9.9613 	9.4079 	9.6008 	10.4950 	10.7764 	10.5693 
A,KWH1000-2499,E7000,PC,GE	: 	46.9000 	48.1000 	47.8000 	47.6000 	46.1000 	47.8000 	43.7000 	39.9000 
A,KWH1000-2499,E7000,PC,HR	16.7200 	15.8200 	15.9208 	16.6823 	15.3677 	15.9656 	17.0981 	16.0458 	15.1368 p
A,KWH1000-2499,E7000,PC,HU	28.6421 	29.0652 	28.6981 	30.9861 	29.3768 	28.8734 	36.3430 	25.4037 	25.0319 
A,KWH1000-2499,E7000,PC,IE	10.4303 	9.2126 	10.2388 	10.2948 	8.7769 	10.3132 	10.9490 	10.8458 	11.3355 
A,KWH1000-2499,E7000,PC,IS	8.4429 	8.1853 	9.5666 	10.1627 	9.7325 	10.6345 	10.4507 	10.4546 	: 
A,KWH1000-2499,E7000,PC,IT	: 	34.6772 	39.3070 	39.6370 	37.5060 	36.6700 	39.5476 	40.1251 	39.2018 
A,KWH1000-2499,E7000,PC,LI	: 	11.4740 	11.6463 	12.0872 	11.5710 	12.8126 	14.4001 	14.3210 	14.4344 
A,KWH1000-2499,E7000,PC,LT	32.5389 	30.3511 	31.3925 	30.2798 	27.6581 	26.2176 	29.0674 	29.6470 	29.5011 
A,KWH1000-2499,E7000,PC,LU	11.4400 	12.8600 	12.7900 	13.5100 	12.0700 	11.8000 	12.4000 	: 	16.3000 
A,KWH1000-2499,E7000,PC,LV	39.8055 	30.8000 	30.7800 	27.7212 	28.6315 	31.6096 	34.6993 	30.3249 	28.7356 
A,KWH1000-2499,E7000,PC,MD	43.8234 	44.2637 	44.6213 	45.9658 	45.0351 	44.2833 	43.9646 	45.1351 	45.0818 
A,KWH1000-2499,E7000,PC,ME	7.8782 	8.3565 	8.5020 	8.7251 	9.3182 	8.1890 	7.7562 	7.3891 	7.2168 
A,KWH1000-2499,E7000,PC,MK	7.4487 	7.5173 	6.4439 	6.9733 	6.9244 	7.6480 	8.6312 	7.7860 	7.4679 
A,KWH1000-2499,E7000,PC,MT	15.5249 	15.3481 	11.7103 	11.6890 	10.6486 	9.7875 	10.7010 	10.2301 	11.2561 p
A,KWH1000-2499,E7000,PC,NL	20.0000 	20.0000 	22.0000 	24.0000 	24.0000 	26.0000 	29.0000 	30.0000 	31.0000 
A,KWH1000-2499,E7000,PC,NO	1.4500 	1.4500 	1.4500 	1.4500 	1.4500 	0.4863 	0.7280 	0.6749 	0.6800 
A,KWH1000-2499,E7000,PC,PL	34.9061 	35.9254 	41.5792 	34.2113 	33.7872 	36.2167 	37.4110 	37.7047 	37.3075 
A,KWH1000-2499,E7000,PC,PT	28.3000 	28.4800 	29.3000 	28.1000 	25.4360 	25.7540 	26.2300 	25.6300 	24.1440 
A,KWH1000-2499,E7000,PC,RO	42.7418 	38.6821 	39.9289 	40.6730 	39.4763 	38.4284 	40.1688 	41.1667 	39.8200 
A,KWH1000-2499,E7000,PC,RS	8.1134 	8.6925 	8.9095 	8.9171 	7.0348 	7.7769 	8.5404 	9.3391 	17.5438 
A,KWH1000-2499,E7000,PC,SE	6.0000 	6.0000 	6.0000 	6.5200 	6.5200 	6.5200 	6.8543 	6.9778 	6.7225 
A,KWH1000-2499,E7000,PC,SI	12.2000 	12.0000 	11.9691 	12.1000 	10.7731 	10.8043 	11.7287 	12.2000 	12.0765 
A,KWH1000-2499,E7000,PC,SK	25.1000 	25.0000 	24.5000 	23.9000 	22.6000 	22.6000 	23.2000 	22.9000 	21.9000 
A,KWH1000-2499,E7000,PC,TR	39.7229 	43.1282 	41.0488 	43.1974 	45.1494 	46.7352 	45.9408 	40.1900 	38.2750 
A,KWH1000-2499,E7000,PC,UA	: 	32.6792 	31.9777 	31.7388 	: 	: 	: 	: 	: 
A,KWH1000-2499,E7000,PC,XK	4.6096 	4.2767 	19.9244 	15.8900 	13.9281 	15.4643 	15.5289 	15.4203 	13.9282 
A,KWH2500-4999,E7000,PC,AL	: 	0.0000 e	0.0000 e	0.0000 e	0.0000 e	0.0000 e	0.0000 e	0.0000 e	0.0000 e
A,KWH2500-4999,E7000,PC,AT	32.2000 	30.8000 	31.4000 	31.0000 	30.5000 	29.1000 	29.2000 	29.9300 	29.5000 
A,KWH2500-4999,E7000,PC,BA	32.9671 	33.4098 	32.9579 	31.7598 	31.7552 	31.5196 	31.7244 	30.5461 	29.1558 
A,KWH2500-4999,E7000,PC,BE	37.2059 	37.6590 	38.1135 	37.8797 	37.2221 	36.4334 	33.3704 	32.3148 	32.4034 
A,KWH2500-4999,E7000,PC,BG	30.7000 	31.2526 	31.6627 	30.5378 	30.0049 	29.7820 	29.7903 	28.9879 	25.8690 
A,KWH2500-4999,E7000,PC,CY	: 	35.8898 	34.0899 	32.1711 	33.2978 	39.0886 	38.4738 	37.4916 	37.4693 
A,KWH2500-4999,E7000,PC,CZ	24.0000 	23.0000 	21.0000 	19.0000 	22.0000 	22.0000 	22.0000 	22.0000 	22.0000 
A,KWH2500-4999,E7000,PC,DE	42.0000 	39.0000 	36.6468 	38.1000 	37.9860 	36.6300 	34.3000 	34.1300 	34.0919 
A,KWH2500-4999,E7000,PC,DK	27.0000 	27.0000 	26.7000 	27.7000 	27.7000 	27.7000 	27.7000 	27.7000 	27.7000 
A,KWH2500-4999,E7000,PC,EA	18.9439 	21.6885 	25.5294 	32.6047 	32.0360 	: 	: 	: 	: 
A,KWH2500-4999,E7000,PC,EE	23.8917 	20.3772 	27.1691 	26.8360 	16.7010 	21.4844 	22.5827 	18.8541 	13.9106 
A,KWH2500-4999,E7000,PC,EL	42.7900 	42.5800 	41.4500 	39.6100 	40.4500 	40.0569 	44.0900 	43.0400 	42.5500 
A,KWH2500-4999,E7000,PC,ES	: 	: 	34.5307 	36.6875 	34.1000 	33.9000 	35.6732 	37.0407 	35.6935 
A,KWH2500-4999,E7000,PC,EU27_2020	23.0995 	25.7197 	29.4668 	30.6996 	30.2268 	30.0659 	: 	: 	: 
A,KWH2500-4999,E7000,PC,FI	10.6200 	10.0000 	10.0000 	10.4000 	9.8064 	9.5314 	10.0900 	9.3517 	10.1682 
A,KWH2500-4999,E7000,PC,FR	21.4456 	22.0203 	22.6535 	25.2573 	24.6383 	24.7695 	26.8900 	26.4050 	25.8055 
A,KWH2500-4999,E7000,PC,GE	: 	29.1000 	28.2000 	28.5000 	27.4000 	23.3000 	25.6000 	29.9000 	32.0000 
A,KWH2500-4999,E7000,PC,HR	35.2500 	33.5200 	33.4426 	34.9153 	32.4641 	32.2382 	33.1556 	32.4150 	30.8584 p
A,KWH2500-4999,E7000,PC,HU	37.4550 	38.3996 	38.3141 	36.8532 	35.9954 	34.6069 	32.2793 	31.9223 	36.6072 
A,KWH2500-4999,E7000,PC,IE	36.5259 	33.4063 	35.6284 	35.2610 	34.0368 	36.0154 	35.5576 	34.7930 	33.9185 
A,KWH2500-4999,E7000,PC,IS	21.5424 	19.8658 	21.9116 	22.0050 	21.0787 	20.0690 	18.3483 	18.3517 	: 
A,KWH2500-4999,E7000,PC,IT	: 	35.9036 	41.1750 	40.8400 	41.5350 	40.8100 	37.8827 	36.6342 	37.5818 
A,KWH2500-4999,E7000,PC,LI	: 	27.7487 	27.4962 	27.2993 	26.1778 	26.7969 	27.0225 	26.4825 	26.2786 
A,KWH2500-4999,E7000,PC,LT	28.0057 	27.6143 	27.5441 	28.9290 	27.7113 	24.0440 	23.8474 	24.4725 	24.7822 
A,KWH2500-4999,E7000,PC,LU	31.2500 	33.0500 	32.0500 	33.2800 	30.5000 	29.3000 	29.6000 	: 	30.3000 
A,KWH2500-4999,E7000,PC,LV	18.5848 	28.0100 	27.8100 	32.1620 	28.6592 	26.1214 	28.4797 	25.6666 	25.3194 
A,KWH2500-4999,E7000,PC,MD	10.7138 	12.0958 	14.3471 	13.3501 	14.2784 	14.2644 	12.8317 	14.8383 	15.3646 
A,KWH2500-4999,E7000,PC,ME	24.3926 	26.0739 	26.4852 	28.6908 	27.5667 	26.1223 	25.5696 	24.2165 	23.2765 
A,KWH2500-4999,E7000,PC,MK	24.7103 	26.0862 	22.3271 	24.4060 	23.0971 	23.8976 	26.6026 	26.5416 	23.4692 
A,KWH2500-4999,E7000,PC,MT	38.3959 	38.4417 	33.7052 	33.6528 	31.2634 	29.9866 	32.4070 	31.4155 	32.7338 p
A,KWH2500-4999,E7000,PC,NL	42.0000 	42.0000 	41.0000 	41.0000 	41.0000 	41.0000 	39.0000 	38.0000 	37.0000 
A,KWH2500-4999,E7000,PC,NO	5.1900 	5.1900 	5.1900 	5.1900 	5.1900 	2.1325 	2.9850 	2.6114 	2.6600 
A,KWH2500-4999,E7000,PC,PL	33.2290 	32.6890 	30.2115 	33.7242 	33.0838 	30.8130 	30.1226 	30.9232 	30.0414 
A,KWH2500-4999,E7000,PC,PT	38.1000 	38.2100 	37.1000 	37.8000 	37.7060 	36.2310 	36.5000 	36.6400 	36.9720 
A,KWH2500-4999,E7000,PC,RO	20.5102 	20.0341 	20.3709 	24.0182 	24.5641 	24.9449 	25.2534 	25.6318 	26.6800 
A,KWH2500-4999,E7000,PC,RS	27.1720 	28.7552 	29.0369 	28.5095 	26.0946 	27.4016 	29.1970 	30.6198 	29.9948 
A,KWH2500-4999,E7000,PC,SE	8.0000 	8.0000 	8.0000 	8.5100 	8.5100 	8.5100 	8.0257 	7.8618 	7.6811 
A,KWH2500-4999,E7000,PC,SI	30.7000 	30.0000 	29.5896 	29.4000 	27.1191 	26.5672 	27.5294 	27.5000 	27.5519 
A,KWH2500-4999,E7000,PC,SK	33.0000 	32.4000 	32.2000 	31.3000 	30.8000 	30.9000 	30.4000 	29.9000 	28.8000 
A,KWH2500-4999,E7000,PC,TR	26.9201 	29.3875 	29.6997 	31.9607 	32.9578 	29.5915 	28.8896 	31.6843 	31.4618 
A,KWH2500-4999,E7000,PC,UA	: 	27.9078 	27.9692 	33.2148 	: 	: 	: 	: 	: 
A,KWH2500-4999,E7000,PC,XK	21.1439 	19.8500 	50.3494 	47.4228 	42.2459 	43.8025 	45.5344 	47.0826 	44.5133 
A,KWH5000-14999,E7000,PC,AL	: 	0.0000 e	0.0000 e	0.0000 e	0.0000 e	0.0000 e	0.0000 e	0.0000 e	0.0000 e
A,KWH5000-14999,E7000,PC,AT	39.8000 	39.1000 	39.5000 	39.2000 	39.4000 	40.6000 	39.3000 	36.3400 	35.7000 
A,KWH5000-14999,E7000,PC,BA	47.9530 	47.2478 	47.3313 	49.3573 	48.6705 	48.3631 	49.1249 	50.5985 	51.2401 
A,KWH5000-14999,E7000,PC,BE	36.4468 	35.4857 	32.7276 	31.8368 	32.9553 	33.4449 	34.0767 	35.4566 	35.2724 
A,KWH5000-14999,E7000,PC,BG	45.7000 	44.8568 	43.9295 	46.7044 	47.1185 	47.5732 	47.4272 	48.5606 	51.9311 
A,KWH5000-14999,E7000,PC,CY	: 	43.7342 	44.1701 	47.6039 	46.1228 	35.4161 	37.7414 	39.3059 	37.7526 
A,KWH5000-14999,E7000,PC,CZ	38.0000 	38.0000 	38.0000 	41.0000 	37.0000 	37.0000 	37.0000 	37.0000 	37.0000 
A,KWH5000-14999,E7000,PC,DE	22.0000 	23.0000 	20.6327 	20.1400 	22.9050 	21.7900 	20.8700 	21.0500 	21.9584 
A,KWH5000-14999,E7000,PC,DK	28.0000 	28.0000 	27.8000 	28.3000 	28.3000 	28.3000 	28.3000 	28.3000 	28.3000 
A,KWH5000-14999,E7000,PC,EA	22.9875 	23.7049 	25.8082 	30.3547 	30.9184 	: 	: 	: 	: 
A,KWH5000-14999,E7000,PC,EE	41.4081 	41.4748 	37.0161 	40.5476 	42.7137 	46.6545 	46.2984 	50.9921 	57.3826 
A,KWH5000-14999,E7000,PC,EL	37.6000 	31.8900 	33.8500 	32.7900 	37.3700 	33.3010 	23.0500 	24.5600 	28.4900 
A,KWH5000-14999,E7000,PC,ES	: 	: 	21.8385 	25.8346 	21.8000 	21.6000 	20.8795 	19.7252 	23.9753 
A,KWH5000-14999,E7000,PC,EU27_2020	27.4959 	28.1946 	30.1044 	30.1534 	30.9107 	32.1083 	: 	: 	: 
A,KWH5000-14999,E7000,PC,FI	37.8700 	35.0000 	37.0000 	39.0000 	38.0590 	36.8701 	42.1500 	40.9637 	43.2211 
A,KWH5000-14999,E7000,PC,FR	53.8906 	54.0560 	54.4963 	52.4934 	52.3934 	52.2821 	51.9342 	50.2629 	50.1426 
A,KWH5000-14999,E7000,PC,GE	: 	10.1000 	9.8000 	10.5000 	11.5000 	9.4000 	9.9000 	12.8000 	15.0000 
A,KWH5000-14999,E7000,PC,HR	39.5500 	41.0600 	40.9146 	39.7977 	42.2470 	40.9295 	38.9631 	40.7723 	42.5861 p
A,KWH5000-14999,E7000,PC,HU	23.7320 	24.0959 	24.6846 	22.7381 	24.5272 	26.8066 	18.7942 	24.5612 	28.9477 
A,KWH5000-14999,E7000,PC,IE	42.7928 	44.6880 	43.1355 	43.5207 	46.3930 	43.1003 	41.7189 	40.1425 	37.5097 
A,KWH5000-14999,E7000,PC,IS	34.8757 	31.9483 	34.1495 	33.7376 	34.1937 	33.5621 	32.5042 	32.5019 	: 
A,KWH5000-14999,E7000,PC,IT	: 	8.4365 	10.7610 	10.6800 	12.1390 	13.1900 	11.6634 	11.7746 	12.3550 
A,KWH5000-14999,E7000,PC,LI	: 	48.8523 	48.9013 	48.9952 	49.1998 	47.9201 	46.2959 	47.1499 	48.0174 
A,KWH5000-14999,E7000,PC,LT	23.1053 	25.3778 	24.5848 	25.6047 	24.7386 	23.3944 	18.6345 	18.6395 	20.3628 
A,KWH5000-14999,E7000,PC,LU	41.1300 	40.2200 	38.8900 	38.2900 	40.6800 	41.3000 	40.4000 	: 	38.2000 
A,KWH5000-14999,E7000,PC,LV	7.4119 	23.4800 	23.2900 	20.7066 	22.2678 	20.4480 	12.8800 	22.6242 	24.6990 
A,KWH5000-14999,E7000,PC,MD	2.6903 	3.1092 	3.1237 	3.0537 	3.6488 	3.9484 	3.5952 	4.4041 	4.7052 
A,KWH5000-14999,E7000,PC,ME	55.7690 	53.9815 	53.0345 	53.5023 	51.4332 	53.1929 	53.5182 	54.6946 	54.8932 
A,KWH5000-14999,E7000,PC,MK	56.1877 	55.2523 	57.4142 	57.2069 	56.8822 	54.6104 	52.7582 	54.8019 	56.3935 
A,KWH5000-14999,E7000,PC,MT	39.5275 	39.8420 	48.0490 	48.3181 	51.3794 	53.4348 	50.6594 	51.9919 	49.9848 p
A,KWH5000-14999,E7000,PC,NL	27.0000 	27.0000 	23.0000 	22.0000 	22.0000 	22.0000 	21.0000 	22.0000 	23.0000 
A,KWH5000-14999,E7000,PC,NO	44.1700 	44.1700 	44.1700 	44.1700 	44.1700 	27.5544 	35.1563 	31.9411 	31.5600 
A,KWH5000-14999,E7000,PC,PL	18.3975 	18.1890 	16.4864 	18.9943 	19.6466 	17.6532 	17.3175 	16.7991 	17.5899 
A,KWH5000-14999,E7000,PC,PT	23.0000 	23.0400 	22.6000 	23.6000 	25.9490 	25.2570 	25.0100 	26.1100 	28.9130 
A,KWH5000-14999,E7000,PC,RO	9.4349 	11.5056 	9.8625 	11.5410 	12.9173 	13.9867 	11.5384 	11.9272 	12.5300 
A,KWH5000-14999,E7000,PC,RS	58.1204 	56.4080 	55.7768 	56.1813 	59.2915 	57.4351 	55.8788 	53.8880 	45.5300 
A,KWH5000-14999,E7000,PC,SE	34.0000 	34.0000 	34.0000 	39.5000 	39.5000 	39.5000 	42.1678 	43.6008 	43.3431 
A,KWH5000-14999,E7000,PC,SI	45.0000 	45.8000 	46.1572 	46.6000 	48.8017 	48.3270 	47.7261 	47.3000 	48.0827 
A,KWH5000-14999,E7000,PC,SK	28.8000 	29.3000 	29.7000 	31.0000 	32.0000 	31.8000 	32.0000 	33.5000 	34.6000 
A,KWH5000-14999,E7000,PC,TR	11.9879 	10.3136 	11.1387 	9.6913 	9.0808 	8.7720 	8.0775 	11.4807 	12.9526 
A,KWH5000-14999,E7000,PC,UA	: 	14.7826 	14.4332 	19.7873 	: 	: 	: 	: 	: 
A,KWH5000-14999,E7000,PC,XK	67.5950 	67.5416 	24.4698 	31.0975 	35.8740 	33.1595 	32.7785 	32.0468 	35.7965 
A,KWH_LE15000,E7000,PC,AL	: 	0.0000 e	0.0000 e	0.0000 e	0.0000 e	0.0000 e	0.0000 e	0.0000 e	0.0000 e
A,KWH_LE15000,E7000,PC,AT	10.6000 	12.0000 	11.4000 	10.9000 	11.6000 	12.9000 	12.6000 	11.6600 	11.5000 
A,KWH_LE15000,E7000,PC,BA	6.1648 	6.0565 	6.4071 	6.2455 	6.7731 	7.0752 	6.4294 	6.6917 	7.9185 
A,KWH_LE15000,E7000,PC,BE	7.5296 	6.3861 	6.5983 	5.6968 	5.4690 	6.3690 	6.9740 	6.3589 	6.4290 
A,KWH_LE15000,E7000,PC,BG	5.7000 	5.4224 	4.6743 	5.1408 	5.0870 	5.6332 	5.8824 	6.4505 	8.9405 
A,KWH_LE15000,E7000,PC,CY	: 	4.9963 	8.0339 	8.0250 	7.6378 	6.6585 	6.5909 	6.3728 	6.9492 
A,KWH_LE15000,E7000,PC,CZ	14.0000 	16.0000 	20.0000 	17.0000 	18.0000 	18.0000 	18.0000 	18.0000 	18.0000 
A,KWH_LE15000,E7000,PC,DE	4.0000 	9.0000 	7.5276 	7.0600 	7.5190 	7.9200 	9.0900 	7.9900 	6.8173 
A,KWH_LE15000,E7000,PC,DK	27.0000 	27.0000 	25.8000 	24.3000 	24.3000 	24.3000 	24.3000 	24.3000 	24.3000 
A,KWH_LE15000,E7000,PC,EA	: u	7.5542 	8.0140 	7.6848 	8.5276 	: 	: 	: 	: 
A,KWH_LE15000,E7000,PC,EE	15.9377 	19.3565 	17.1845 	15.3862 	18.5293 	15.4545 	15.9105 	16.0577 	14.7301 
A,KWH_LE15000,E7000,PC,EL	7.0000 	4.3600 	4.8300 	3.9200 	4.0100 	4.6516 	2.9000 	3.1700 	3.6400 
A,KWH_LE15000,E7000,PC,ES	: 	: 	10.6308 	9.5646 	12.0000 	12.4000 	7.2096 	6.6508 	7.9269 
A,KWH_LE15000,E7000,PC,EU27_2020	: u	10.4880 	10.9847 	10.3823 	10.7197 	12.4052 	: 	: 	: 
A,KWH_LE15000,E7000,PC,FI	41.7900 	46.0000 	43.0000 	41.2000 	43.5534 	44.3659 	36.4300 	39.1532 	34.6580 
A,KWH_LE15000,E7000,PC,FR	14.1507 	13.3053 	11.8364 	10.8760 	12.1303 	11.9168 	9.2937 	11.0169 	11.6735 
A,KWH_LE15000,E7000,PC,GE	: 	3.7000 	3.3000 	3.6000 	3.6000 	3.6000 	5.1000 	4.3000 	4.8000 
A,KWH_LE15000,E7000,PC,HR	4.6500 	6.0100 	6.0909 	4.9890 	6.1910 	7.2408 	6.8760 	7.1142 	7.9493 p
A,KWH_LE15000,E7000,PC,HU	3.6727 	1.9284 	2.0132 	2.0868 	2.7065 	3.3434 	3.1521 	3.6708 	4.5223 
A,KWH_LE15000,E7000,PC,IE	7.9825 	9.9292 	8.3202 	8.1446 	8.2869 	7.7856 	7.8402 	7.3691 	7.4147 
A,KWH_LE15000,E7000,PC,IS	34.3084 	39.1920 	33.4246 	33.0844 	34.0237 	34.6294 	37.4733 	37.4682 	: 
A,KWH_LE15000,E7000,PC,IT	: 	1.0246 	1.2650 	1.4360 	1.3520 	1.6100 	1.7236 	1.7449 	2.1606 
A,KWH_LE15000,E7000,PC,LI	: 	10.1592 	10.1307 	9.8545 	11.4163 	10.4863 	9.9389 	9.6767 	8.8672 
A,KWH_LE15000,E7000,PC,LT	5.8353 	7.2131 	6.3469 	5.8526 	6.5814 	6.0058 	4.2079 	3.4649 	3.7414 
A,KWH_LE15000,E7000,PC,LU	14.6000 	11.9300 	14.5400 	13.1500 	15.0000 	16.0000 	15.9000 	: 	12.5000 
A,KWH_LE15000,E7000,PC,LV	1.8923 	8.5500 	8.5500 	8.8507 	10.1668 	9.7889 	9.7945 	9.1686 	9.6586 
A,KWH_LE15000,E7000,PC,MD	1.5241 	1.5508 	1.4561 	1.4679 	4.3446 	1.6536 	1.6031 	1.6535 	1.7238 
A,KWH_LE15000,E7000,PC,ME	9.9201 	9.4377 	9.7912 	6.7154 	9.3813 	10.2619 	11.0692 	11.6677 	12.5647 
A,KWH_LE15000,E7000,PC,MK	9.4381 	9.3458 	12.1947 	9.8244 	11.2857 	11.8481 	9.8288 	9.1587 	10.6991 
A,KWH_LE15000,E7000,PC,MT	3.7405 	3.5227 	4.3223 	4.0189 	4.5190 	4.8293 	4.1393 	4.3453 	3.7434 p
A,KWH_LE15000,E7000,PC,NL	10.0000 	9.0000 	11.0000 	11.0000 	11.0000 	9.0000 	8.0000 	7.0000 	6.0000 
A,KWH_LE15000,E7000,PC,NO	49.0700 	49.0700 	49.0700 	49.0700 	49.0700 	69.7910 	61.0730 	64.7201 	65.0500 
A,KWH_LE15000,E7000,PC,PL	5.6625 	4.7853 	4.3203 	5.2248 	5.2200 	4.6541 	4.3803 	4.0272 	4.3668 
A,KWH_LE15000,E7000,PC,PT	5.1000 	5.0400 	5.3000 	5.2000 	6.0200 	7.6760 	6.7200 	6.1600 	5.3180 
A,KWH_LE15000,E7000,PC,RO	2.4217 	5.5678 	2.9780 	3.1011 	4.0325 	5.1193 	6.9396 	5.0605 	3.9000 
A,KWH_LE15000,E7000,PC,RS	5.1146 	4.5879 	4.6817 	4.7196 	6.2786 	5.9614 	4.8817 	4.4605 	4.3384 
A,KWH_LE15000,E7000,PC,SE	51.0000 	51.0000 	51.0000 	44.6400 	44.6400 	44.6400 	41.8654 	40.3467 	41.0641 
A,KWH_LE15000,E7000,PC,SI	7.5000 	9.1000 	9.0866 	8.9000 	10.3143 	11.2888 	9.6184 	8.9000 	8.7487 
A,KWH_LE15000,E7000,PC,SK	7.6000 	7.8000 	8.1000 	8.0000 	9.4000 	9.3000 	8.6000 	7.5000 	8.8000 
A,KWH_LE15000,E7000,PC,TR	5.6199 	4.5291 	4.2166 	3.9403 	4.2448 	5.4547 	7.3087 	8.4203 	8.4499 
A,KWH_LE15000,E7000,PC,UA	: 	4.9705 	5.5667 	6.5899 	: 	: 	: 	: 	: 
A,KWH_LE15000,E7000,PC,XK	5.2287 	7.0675 	2.0506 	3.1656 	5.4100 	4.6435 	3.0587 	2.1215 	2.5717 
A,KWH_LT1000,E7000,PC,AL	: 	55.4000 e	50.2000 e	36.6000 e	43.4000 e	34.8000 e	33.1000 e	32.4000 e	32.4000 e
A,KWH_LT1000,E7000,PC,AT	2.3000 	2.6000 	2.4000 	2.6000 	2.5000 	2.3000 	2.6000 	3.4400 	3.9000 
A,KWH_LT1000,E7000,PC,BA	2.0720 	2.1471 	2.1687 	2.0613 	2.1385 	2.2051 	2.1767 	2.1067 	2.0546 
A,KWH_LT1000,E7000,PC,BE	1.8216 	2.1941 	2.6196 	3.1052 	3.3223 	3.0917 	3.9429 	4.0671 	4.2078 
A,KWH_LT1000,E7000,PC,BG	3.3000 	3.4606 	4.0404 	3.3751 	3.6247 	3.4888 	3.5155 	3.3071 	2.7329 
A,KWH_LT1000,E7000,PC,CY	: 	2.2515 	1.9619 	1.8006 	1.8902 	2.7373 	2.4159 	2.4318 	2.6658 
A,KWH_LT1000,E7000,PC,CZ	6.0000 	5.0000 	4.0000 	5.0000 	5.0000 	5.0000 	5.0000 	5.0000 	5.0000 
A,KWH_LT1000,E7000,PC,DE	4.0000 	4.0000 	5.4595 	6.4600 	5.4150 	6.4400 	7.0000 	7.0600 	6.9347 
A,KWH_LT1000,E7000,PC,DK	3.0000 	3.0000 	2.5000 	2.5000 	2.5000 	2.5000 	2.5000 	2.5000 	2.5000 
A,KWH_LT1000,E7000,PC,EA	1.6049 	3.4689 	3.2103 	3.9767 	3.9311 	: 	: 	: 	: 
A,KWH_LT1000,E7000,PC,EE	2.3144 	3.7855 	3.6123 	3.2863 	2.9461 	3.5426 	3.4344 	3.2142 	3.1378 
A,KWH_LT1000,E7000,PC,EL	1.9800 	3.5900 	3.3900 	4.3400 	3.1200 	4.4503 	5.0000 	5.1300 	4.1500 
A,KWH_LT1000,E7000,PC,ES	: 	: 	5.3450 	4.1677 	5.8000 	5.1000 	6.3383 	6.3272 	5.6424 
A,KWH_LT1000,E7000,PC,EU27_2020	2.7306 	4.5828 	4.3239 	4.3250 	4.4322 	4.5887 e	: 	: 	: 
A,KWH_LT1000,E7000,PC,FI	1.9300 	2.0000 	2.0000 	1.6000 	1.4402 	2.0633 	3.3200 	3.0460 	3.1946 
A,KWH_LT1000,E7000,PC,FR	1.3666 	1.4848 	1.4336 	1.4120 	1.4301 	1.4308 	1.3870 	1.5388 	1.8091 
A,KWH_LT1000,E7000,PC,GE	: 	10.2000 	10.6000 	9.6000 	9.9000 	17.6000 	11.6000 	9.3000 	8.3000 
A,KWH_LT1000,E7000,PC,HR	3.8300 	3.5900 	3.6311 	3.6157 	3.7302 	3.6259 	3.9071 	3.6527 	3.4694 p
A,KWH_LT1000,E7000,PC,HU	6.4982 	6.5109 	6.2900 	7.3358 	7.3941 	6.3696 	9.4313 	14.4420 	4.8908 
A,KWH_LT1000,E7000,PC,IE	2.2685 	2.7639 	2.6772 	2.7790 	2.5064 	2.7855 	3.9343 	6.8496 	9.8217 
A,KWH_LT1000,E7000,PC,IS	0.8307 	0.8085 	0.9477 	1.0103 	0.9713 	1.1050 	1.2235 	1.2236 	: 
A,KWH_LT1000,E7000,PC,IT	: 	19.9581 	7.4920 	7.4060 	7.4670 	7.7200 	9.1826 	9.7212 	8.7008 
A,KWH_LT1000,E7000,PC,LI	: 	1.7659 	1.8255 	1.7639 	1.6351 	1.9840 	2.3426 	2.3699 	2.4023 
A,KWH_LT1000,E7000,PC,LT	10.5148 	9.4437 	10.1317 	9.3340 	13.3106 	20.3382 	24.2428 	23.7760 	21.6125 
A,KWH_LT1000,E7000,PC,LU	1.5800 	1.9400 	1.7300 	1.7800 	1.7500 	1.6000 	1.7000 	: 	2.7000 
A,KWH_LT1000,E7000,PC,LV	32.3056 	9.1600 	9.5700 	10.5595 	10.2747 	12.0322 	14.1465 	12.2157 	11.5874 
A,KWH_LT1000,E7000,PC,MD	41.2484 	38.9805 	36.4518 	36.1626 	32.6930 	35.8503 	38.0054 	33.9690 	33.1246 
A,KWH_LT1000,E7000,PC,ME	2.0401 	2.1503 	2.1872 	2.3665 	2.3006 	2.2339 	2.0868 	2.0320 	2.0487 
A,KWH_LT1000,E7000,PC,MK	2.2152 	1.7984 	1.6202 	1.5894 	1.8106 	1.9958 	2.1792 	1.7118 	1.9703 
A,KWH_LT1000,E7000,PC,MT	2.8112 	2.8456 	2.2132 	2.3210 	2.1896 	1.9618 	2.0933 	2.0172 	2.2819 p
A,KWH_LT1000,E7000,PC,NL	1.0000 	2.0000 	3.0000 	2.0000 	2.0000 	2.0000 	3.0000 	3.0000 	3.0000 
A,KWH_LT1000,E7000,PC,NO	0.1200 	0.1200 	0.1200 	0.1200 	0.1200 	0.0358 	0.0577 	0.0525 	0.0500 
A,KWH_LT1000,E7000,PC,PL	7.8049 	8.4113 	7.4025 	7.8455 	8.2623 	10.6630 	10.7685 	10.5458 	10.6944 
A,KWH_LT1000,E7000,PC,PT	5.5000 	5.2300 	5.7000 	5.3000 	4.8880 	5.0820 	5.5400 	5.4600 	4.6530 
A,KWH_LT1000,E7000,PC,RO	24.8914 	24.2105 	26.8597 	20.6666 	19.0097 	17.5206 e	16.0999 	16.2138 	17.0700 
A,KWH_LT1000,E7000,PC,RS	1.4796 	1.5564 	1.5950 	1.6725 	1.3005 	1.4249 	1.5021 	1.6925 	2.5930 
A,KWH_LT1000,E7000,PC,SE	1.0000 	1.0000 	1.0000 	0.8200 	0.8200 	0.8200 	1.0869 	1.2130 	1.1891 
A,KWH_LT1000,E7000,PC,SI	4.6000 	3.1000 	3.1975 	3.1000 	2.9918 	3.0127 	3.3973 	4.1000 	3.5401 
A,KWH_LT1000,E7000,PC,SK	5.5000 	5.5000 	5.5000 	5.8000 	5.2000 	5.4000 	5.8000 	6.2000 	5.9000 
A,KWH_LT1000,E7000,PC,TR	15.7492 	12.6415 	13.8962 	11.2103 	8.5672 	9.4465 	9.7834 	8.2247 	8.8607 
A,KWH_LT1000,E7000,PC,UA	: 	19.6599 	20.0532 	8.6692 	: 	: 	: 	: 	: 
A,KWH_LT1000,E7000,PC,XK	1.4227 	1.2641 	3.2058 	2.4241 	2.5420 	2.9303 	3.0996 	3.3287 	3.1903 
