"freq,nrg_cons,siec,unit,geo\TIME_PERIOD",2017,2018,2019,2020,2021,2022,2023,2024,2025
"A,KWH1000-2499,E7000,PC,AL",:,44.6000 e,49.8000 e,63.4000 e,56.6000 e,65.2000 e,66.9000 e,67.6000 e,67.6000 e
"A,KWH1000-2499,E7000,PC,AT",15.1,15.5,15.3,16.3,16,15.1,16.3,18.63,19.4
"A,KWH1000-2499,E7000,PC,BA",10.841,11.1388,11.1351,10.5761,10.6627,10.837,10.5446,10.0569,9.6311
"A,KWH1000-2499,E7000,PC,BE",16.9961,18.2751,19.9409,21.4815,21.0313,20.661,21.6359,21.8027,21.6874
"A,KWH1000-2499,E7000,PC,BG",14.6,15.0077,15.693,14.2419,14.1649,13.5228,13.3845,12.6939,10.5265
"A,KWH1000-2499,E7000,PC,CY",:,13.1282,11.7442,10.3994,11.0514,16.0995,14.7792,14.398,15.163
"A,KWH1000-2499,E7000,PC,CZ",18,18,17,18,18,18,18,18,18
"A,KWH1000-2499,E7000,PC,DE",28,25,29.7335,28.24,26.175,27.22,28.74,29.77,30.1977
"A,KWH1000-2499,E7000,PC,DK",15,15,17.2,17.2,17.2,17.2,17.2,17.2,17.2
"A,KWH1000-2499,E7000,PC,EA",10.3328,13.1567,17.5418,21.0497,20.257,:,:,:,:
"A,KWH1000-2499,E7000,PC,EE",16.448,15.0059,15.018,13.9439,19.1099,12.864,11.7741,10.8819,10.8389
"A,KWH1000-2499,E7000,PC,EL",10.62,17.58,16.49,19.33,15.04,17.5402,24.96,24.1,21.17
"A,KWH1000-2499,E7000,PC,ES",:,:,27.6551,23.7456,26.3,27,29.8995,30.256,26.7618
"A,KWH1000-2499,E7000,PC,EU27_2020",14.0855,16.8473,21.5528,20.9759,20.2456,20.8312,:,:,:
"A,KWH1000-2499,E7000,PC,FI",7.79,8,8,7.8,7.141,7.1694,8.01,7.4853,8.7582
"A,KWH1000-2499,E7000,PC,FR",9.1465,9.1336,9.5802,9.9613,9.4079,9.6008,10.495,10.7764,10.5693
"A,KWH1000-2499,E7000,PC,GE",:,46.9,48.1,47.8,47.6,46.1,47.8,43.7,39.9
"A,KWH1000-2499,E7000,PC,HR",16.72,15.82,15.9208,16.6823,15.3677,15.9656,17.0981,16.0458,15.1368 p
"A,KWH1000-2499,E7000,PC,HU",28.6421,29.0652,28.6981,30.9861,29.3768,28.8734,36.343,25.4037,25.0319
"A,KWH1000-2499,E7000,PC,IE",10.4303,9.2126,10.2388,10.2948,8.7769,10.3132,10.949,10.8458,11.3355
"A,KWH1000-2499,E7000,PC,IS",8.4429,8.1853,9.5666,10.1627,9.7325,10.6345,10.4507,10.4546,:
"A,KWH1000-2499,E7000,PC,IT",:,34.6772,39.307,39.637,37.506,36.67,39.5476,40.1251,39.2018
"A,KWH1000-2499,E7000,PC,LI",:,11.474,11.6463,12.0872,11.571,12.8126,14.4001,14.321,14.4344
"A,KWH1000-2499,E7000,PC,LT",32.5389,30.3511,31.3925,30.2798,27.6581,26.2176,29.0674,29.647,29.5011
"A,KWH1000-2499,E7000,PC,LU",11.44,12.86,12.79,13.51,12.07,11.8,12.4,:,16.3
"A,KWH1000-2499,E7000,PC,LV",39.8055,30.8,30.78,27.7212,28.6315,31.6096,34.6993,30.3249,28.7356
"A,KWH1000-2499,E7000,PC,MD",43.8234,44.2637,44.6213,45.9658,45.0351,44.2833,43.9646,45.1351,45.0818
"A,KWH1000-2499,E7000,PC,ME",7.8782,8.3565,8.502,8.7251,9.3182,8.189,7.7562,7.3891,7.2168
"A,KWH1000-2499,E7000,PC,MK",7.4487,7.5173,6.4439,6.9733,6.9244,7.648,8.6312,7.786,7.4679
"A,KWH1000-2499,E7000,PC,MT",15.5249,15.3481,11.7103,11.689,10.6486,9.7875,10.701,10.2301,11.2561 p
"A,KWH1000-2499,E7000,PC,NL",20,20,22,24,24,26,29,30,31
"A,KWH1000-2499,E7000,PC,NO",1.45,1.45,1.45,1.45,1.45,0.4863,0.728,0.6749,0.68
"A,KWH1000-2499,E7000,PC,PL",34.9061,35.9254,41.5792,34.2113,33.7872,36.2167,37.411,37.7047,37.3075
"A,KWH1000-2499,E7000,PC,PT",28.3,28.48,29.3,28.1,25.436,25.754,26.23,25.63,24.144
"A,KWH1000-2499,E7000,PC,RO",42.7418,38.6821,39.9289,40.673,39.4763,38.4284,40.1688,41.1667,39.82
"A,KWH1000-2499,E7000,PC,RS",8.1134,8.6925,8.9095,8.9171,7.0348,7.7769,8.5404,9.3391,17.5438
"A,KWH1000-2499,E7000,PC,SE",6,6,6,6.52,6.52,6.52,6.8543,6.9778,6.7225
"A,KWH1000-2499,E7000,PC,SI",12.2,12,11.9691,12.1,10.7731,10.8043,11.7287,12.2,12.0765
"A,KWH1000-2499,E7000,PC,SK",25.1,25,24.5,23.9,22.6,22.6,23.2,22.9,21.9
"A,KWH1000-2499,E7000,PC,TR",39.7229,43.1282,41.0488,43.1974,45.1494,46.7352,45.9408,40.19,38.275
"A,KWH1000-2499,E7000,PC,UA",:,32.6792,31.9777,31.7388,:,:,:,:,:
"A,KWH1000-2499,E7000,PC,XK",4.6096,4.2767,19.9244,15.89,13.9281,15.4643,15.5289,15.4203,13.9282
"A,KWH2500-4999,E7000,PC,AL",:,0.0000 e,0.0000 e,0.0000 e,0.0000 e,0.0000 e,0.0000 e,0.0000 e,0.0000 e
"A,KWH2500-4999,E7000,PC,AT",32.2,30.8,31.4,31,30.5,29.1,29.2,29.93,29.5
"A,KWH2500-4999,E7000,PC,BA",32.9671,33.4098,32.9579,31.7598,31.7552,31.5196,31.7244,30.5461,29.1558
"A,KWH2500-4999,E7000,PC,BE",37.2059,37.659,38.1135,37.8797,37.2221,36.4334,33.3704,32.3148,32.4034
"A,KWH2500-4999,E7000,PC,BG",30.7,31.2526,31.6627,30.5378,30.0049,29.782,29.7903,28.9879,25.869
"A,KWH2500-4999,E7000,PC,CY",:,35.8898,34.0899,32.1711,33.2978,39.0886,38.4738,37.4916,37.4693
"A,KWH2500-4999,E7000,PC,CZ",24,23,21,19,22,22,22,22,22
"A,KWH2500-4999,E7000,PC,DE",42,39,36.6468,38.1,37.986,36.63,34.3,34.13,34.0919
"A,KWH2500-4999,E7000,PC,DK",27,27,26.7,27.7,27.7,27.7,27.7,27.7,27.7
"A,KWH2500-4999,E7000,PC,EA",18.9439,21.6885,25.5294,32.6047,32.036,:,:,:,:
"A,KWH2500-4999,E7000,PC,EE",23.8917,20.3772,27.1691,26.836,16.701,21.4844,22.5827,18.8541,13.9106
"A,KWH2500-4999,E7000,PC,EL",42.79,42.58,41.45,39.61,40.45,40.0569,44.09,43.04,42.55
"A,KWH2500-4999,E7000,PC,ES",:,:,34.5307,36.6875,34.1,33.9,35.6732,37.0407,35.6935
"A,KWH2500-4999,E7000,PC,EU27_2020",23.0995,25.7197,29.4668,30.6996,30.2268,30.0659,:,:,:
"A,KWH2500-4999,E7000,PC,FI",10.62,10,10,10.4,9.8064,9.5314,10.09,9.3517,10.1682
"A,KWH2500-4999,E7000,PC,FR",21.4456,22.0203,22.6535,25.2573,24.6383,24.7695,26.89,26.405,25.8055
"A,KWH2500-4999,E7000,PC,GE",:,29.1,28.2,28.5,27.4,23.3,25.6,29.9,32
"A,KWH2500-4999,E7000,PC,HR",35.25,33.52,33.4426,34.9153,32.4641,32.2382,33.1556,32.415,30.8584 p
"A,KWH2500-4999,E7000,PC,HU",37.455,38.3996,38.3141,36.8532,35.9954,34.6069,32.2793,31.9223,36.6072
"A,KWH2500-4999,E7000,PC,IE",36.5259,33.4063,35.6284,35.261,34.0368,36.0154,35.5576,34.793,33.9185
"A,KWH2500-4999,E7000,PC,IS",21.5424,19.8658,21.9116,22.005,21.0787,20.069,18.3483,18.3517,:
"A,KWH2500-4999,E7000,PC,IT",:,35.9036,41.175,40.84,41.535,40.81,37.8827,36.6342,37.5818
"A,KWH2500-4999,E7000,PC,LI",:,27.7487,27.4962,27.2993,26.1778,26.7969,27.0225,26.4825,26.2786
"A,KWH2500-4999,E7000,PC,LT",28.0057,27.6143,27.5441,28.929,27.7113,24.044,23.8474,24.4725,24.7822
"A,KWH2500-4999,E7000,PC,LU",31.25,33.05,32.05,33.28,30.5,29.3,29.6,:,30.3
"A,KWH2500-4999,E7000,PC,LV",18.5848,28.01,27.81,32.162,28.6592,26.1214,28.4797,25.6666,25.3194
"A,KWH2500-4999,E7000,PC,MD",10.7138,12.0958,14.3471,13.3501,14.2784,14.2644,12.8317,14.8383,15.3646
"A,KWH2500-4999,E7000,PC,ME",24.3926,26.0739,26.4852,28.6908,27.5667,26.1223,25.5696,24.2165,23.2765
"A,KWH2500-4999,E7000,PC,MK",24.7103,26.0862,22.3271,24.406,23.0971,23.8976,26.6026,26.5416,23.4692
"A,KWH2500-4999,E7000,PC,MT",38.3959,38.4417,33.7052,33.6528,31.2634,29.9866,32.407,31.4155,32.7338 p
"A,KWH2500-4999,E7000,PC,NL",42,42,41,41,41,41,39,38,37
"A,KWH2500-4999,E7000,PC,NO",5.19,5.19,5.19,5.19,5.19,2.1325,2.985,2.6114,2.66
"A,KWH2500-4999,E7000,PC,PL",33.229,32.689,30.2115,33.7242,33.0838,30.813,30.1226,30.9232,30.0414
"A,KWH2500-4999,E7000,PC,PT",38.1,38.21,37.1,37.8,37.706,36.231,36.5,36.64,36.972
"A,KWH2500-4999,E7000,PC,RO",20.5102,20.0341,20.3709,24.0182,24.5641,24.9449,25.2534,25.6318,26.68
"A,KWH2500-4999,E7000,PC,RS",27.172,28.7552,29.0369,28.5095,26.0946,27.4016,29.197,30.6198,29.9948
"A,KWH2500-4999,E7000,PC,SE",8,8,8,8.51,8.51,8.51,8.0257,7.8618,7.6811
"A,KWH2500-4999,E7000,PC,SI",30.7,30,29.5896,29.4,27.1191,26.5672,27.5294,27.5,27.5519
"A,KWH2500-4999,E7000,PC,SK",33,32.4,32.2,31.3,30.8,30.9,30.4,29.9,28.8
"A,KWH2500-4999,E7000,PC,TR",26.9201,29.3875,29.6997,31.9607,32.9578,29.5915,28.8896,31.6843,31.4618
"A,KWH2500-4999,E7000,PC,UA",:,27.9078,27.9692,33.2148,:,:,:,:,:
"A,KWH2500-4999,E7000,PC,XK",21.1439,19.85,50.3494,47.4228,42.2459,43.8025,45.5344,47.0826,44.5133
"A,KWH5000-14999,E7000,PC,AL",:,0.0000 e,0.0000 e,0.0000 e,0.0000 e,0.0000 e,0.0000 e,0.0000 e,0.0000 e
"A,KWH5000-14999,E7000,PC,AT",39.8,39.1,39.5,39.2,39.4,40.6,39.3,36.34,35.7
"A,KWH5000-14999,E7000,PC,BA",47.953,47.2478,47.3313,49.3573,48.6705,48.3631,49.1249,50.5985,51.2401
"A,KWH5000-14999,E7000,PC,BE",36.4468,35.4857,32.7276,31.8368,32.9553,33.4449,34.0767,35.4566,35.2724
"A,KWH5000-14999,E7000,PC,BG",45.7,44.8568,43.9295,46.7044,47.1185,47.5732,47.4272,48.5606,51.9311
"A,KWH5000-14999,E7000,PC,CY",:,43.7342,44.1701,47.6039,46.1228,35.4161,37.7414,39.3059,37.7526
"A,KWH5000-14999,E7000,PC,CZ",38,38,38,41,37,37,37,37,37
"A,KWH5000-14999,E7000,PC,DE",22,23,20.6327,20.14,22.905,21.79,20.87,21.05,21.9584
"A,KWH5000-14999,E7000,PC,DK",28,28,27.8,28.3,28.3,28.3,28.3,28.3,28.3
"A,KWH5000-14999,E7000,PC,EA",22.9875,23.7049,25.8082,30.3547,30.9184,:,:,:,:
"A,KWH5000-14999,E7000,PC,EE",41.4081,41.4748,37.0161,40.5476,42.7137,46.6545,46.2984,50.9921,57.3826
"A,KWH5000-14999,E7000,PC,EL",37.6,31.89,33.85,32.79,37.37,33.301,23.05,24.56,28.49
"A,KWH5000-14999,E7000,PC,ES",:,:,21.8385,25.8346,21.8,21.6,20.8795,19.7252,23.9753
"A,KWH5000-14999,E7000,PC,EU27_2020",27.4959,28.1946,30.1044,30.1534,30.9107,32.1083,:,:,:
"A,KWH5000-14999,E7000,PC,FI",37.87,35,37,39,38.059,36.8701,42.15,40.9637,43.2211
"A,KWH5000-14999,E7000,PC,FR",53.8906,54.056,54.4963,52.4934,52.3934,52.2821,51.9342,50.2629,50.1426
"A,KWH5000-14999,E7000,PC,GE",:,10.1,9.8,10.5,11.5,9.4,9.9,12.8,15
"A,KWH5000-14999,E7000,PC,HR",39.55,41.06,40.9146,39.7977,42.247,40.9295,38.9631,40.7723,42.5861 p
"A,KWH5000-14999,E7000,PC,HU",23.732,24.0959,24.6846,22.7381,24.5272,26.8066,18.7942,24.5612,28.9477
"A,KWH5000-14999,E7000,PC,IE",42.7928,44.688,43.1355,43.5207,46.393,43.1003,41.7189,40.1425,37.5097
"A,KWH5000-14999,E7000,PC,IS",34.8757,31.9483,34.1495,33.7376,34.1937,33.5621,32.5042,32.5019,:
"A,KWH5000-14999,E7000,PC,IT",:,8.4365,10.761,10.68,12.139,13.19,11.6634,11.7746,12.355
"A,KWH5000-14999,E7000,PC,LI",:,48.8523,48.9013,48.9952,49.1998,47.9201,46.2959,47.1499,48.0174
"A,KWH5000-14999,E7000,PC,LT",23.1053,25.3778,24.5848,25.6047,24.7386,23.3944,18.6345,18.6395,20.3628
"A,KWH5000-14999,E7000,PC,LU",41.13,40.22,38.89,38.29,40.68,41.3,40.4,:,38.2
"A,KWH5000-14999,E7000,PC,LV",7.4119,23.48,23.29,20.7066,22.2678,20.448,12.88,22.6242,24.699
"A,KWH5000-14999,E7000,PC,MD",2.6903,3.1092,3.1237,3.0537,3.6488,3.9484,3.5952,4.4041,4.7052
"A,KWH5000-14999,E7000,PC,ME",55.769,53.9815,53.0345,53.5023,51.4332,53.1929,53.5182,54.6946,54.8932
"A,KWH5000-14999,E7000,PC,MK",56.1877,55.2523,57.4142,57.2069,56.8822,54.6104,52.7582,54.8019,56.3935
"A,KWH5000-14999,E7000,PC,MT",39.5275,39.842,48.049,48.3181,51.3794,53.4348,50.6594,51.9919,49.9848 p
"A,KWH5000-14999,E7000,PC,NL",27,27,23,22,22,22,21,22,23
"A,KWH5000-14999,E7000,PC,NO",44.17,44.17,44.17,44.17,44.17,27.5544,35.1563,31.9411,31.56
"A,KWH5000-14999,E7000,PC,PL",18.3975,18.189,16.4864,18.9943,19.6466,17.6532,17.3175,16.7991,17.5899
"A,KWH5000-14999,E7000,PC,PT",23,23.04,22.6,23.6,25.949,25.257,25.01,26.11,28.913
"A,KWH5000-14999,E7000,PC,RO",9.4349,11.5056,9.8625,11.541,12.9173,13.9867,11.5384,11.9272,12.53
"A,KWH5000-14999,E7000,PC,RS",58.1204,56.408,55.7768,56.1813,59.2915,57.4351,55.8788,53.888,45.53
"A,KWH5000-14999,E7000,PC,SE",34,34,34,39.5,39.5,39.5,42.1678,43.6008,43.3431
"A,KWH5000-14999,E7000,PC,SI",45,45.8,46.1572,46.6,48.8017,48.327,47.7261,47.3,48.0827
"A,KWH5000-14999,E7000,PC,SK",28.8,29.3,29.7,31,32,31.8,32,33.5,34.6
"A,KWH5000-14999,E7000,PC,TR",11.9879,10.3136,11.1387,9.6913,9.0808,8.772,8.0775,11.4807,12.9526
"A,KWH5000-14999,E7000,PC,UA",:,14.7826,14.4332,19.7873,:,:,:,:,:
"A,KWH5000-14999,E7000,PC,XK",67.595,67.5416,24.4698,31.0975,35.874,33.1595,32.7785,32.0468,35.7965
"A,KWH_LE15000,E7000,PC,AL",:,0.0000 e,0.0000 e,0.0000 e,0.0000 e,0.0000 e,0.0000 e,0.0000 e,0.0000 e
"A,KWH_LE15000,E7000,PC,AT",10.6,12,11.4,10.9,11.6,12.9,12.6,11.66,11.5
"A,KWH_LE15000,E7000,PC,BA",6.1648,6.0565,6.4071,6.2455,6.7731,7.0752,6.4294,6.6917,7.9185
"A,KWH_LE15000,E7000,PC,BE",7.5296,6.3861,6.5983,5.6968,5.469,6.369,6.974,6.3589,6.429
"A,KWH_LE15000,E7000,PC,BG",5.7,5.4224,4.6743,5.1408,5.087,5.6332,5.8824,6.4505,8.9405
"A,KWH_LE15000,E7000,PC,CY",:,4.9963,8.0339,8.025,7.6378,6.6585,6.5909,6.3728,6.9492
"A,KWH_LE15000,E7000,PC,CZ",14,16,20,17,18,18,18,18,18
"A,KWH_LE15000,E7000,PC,DE",4,9,7.5276,7.06,7.519,7.92,9.09,7.99,6.8173
"A,KWH_LE15000,E7000,PC,DK",27,27,25.8,24.3,24.3,24.3,24.3,24.3,24.3
"A,KWH_LE15000,E7000,PC,EA",: u,7.5542,8.014,7.6848,8.5276,:,:,:,:
"A,KWH_LE15000,E7000,PC,EE",15.9377,19.3565,17.1845,15.3862,18.5293,15.4545,15.9105,16.0577,14.7301
"A,KWH_LE15000,E7000,PC,EL",7,4.36,4.83,3.92,4.01,4.6516,2.9,3.17,3.64
"A,KWH_LE15000,E7000,PC,ES",:,:,10.6308,9.5646,12,12.4,7.2096,6.6508,7.9269
"A,KWH_LE15000,E7000,PC,EU27_2020",: u,10.488,10.9847,10.3823,10.7197,12.4052,:,:,:
"A,KWH_LE15000,E7000,PC,FI",41.79,46,43,41.2,43.5534,44.3659,36.43,39.1532,34.658
"A,KWH_LE15000,E7000,PC,FR",14.1507,13.3053,11.8364,10.876,12.1303,11.9168,9.2937,11.0169,11.6735
"A,KWH_LE15000,E7000,PC,GE",:,3.7,3.3,3.6,3.6,3.6,5.1,4.3,4.8
"A,KWH_LE15000,E7000,PC,HR",4.65,6.01,6.0909,4.989,6.191,7.2408,6.876,7.1142,7.9493 p
"A,KWH_LE15000,E7000,PC,HU",3.6727,1.9284,2.0132,2.0868,2.7065,3.3434,3.1521,3.6708,4.5223
"A,KWH_LE15000,E7000,PC,IE",7.9825,9.9292,8.3202,8.1446,8.2869,7.7856,7.8402,7.3691,7.4147
"A,KWH_LE15000,E7000,PC,IS",34.3084,39.192,33.4246,33.0844,34.0237,34.6294,37.4733,37.4682,:
"A,KWH_LE15000,E7000,PC,IT",:,1.0246,1.265,1.436,1.352,1.61,1.7236,1.7449,2.1606
"A,KWH_LE15000,E7000,PC,LI",:,10.1592,10.1307,9.8545,11.4163,10.4863,9.9389,9.6767,8.8672
"A,KWH_LE15000,E7000,PC,LT",5.8353,7.2131,6.3469,5.8526,6.5814,6.0058,4.2079,3.4649,3.7414
"A,KWH_LE15000,E7000,PC,LU",14.6,11.93,14.54,13.15,15,16,15.9,:,12.5
"A,KWH_LE15000,E7000,PC,LV",1.8923,8.55,8.55,8.8507,10.1668,9.7889,9.7945,9.1686,9.6586
"A,KWH_LE15000,E7000,PC,MD",1.5241,1.5508,1.4561,1.4679,4.3446,1.6536,1.6031,1.6535,1.7238
"A,KWH_LE15000,E7000,PC,ME",9.9201,9.4377,9.7912,6.7154,9.3813,10.2619,11.0692,11.6677,12.5647
"A,KWH_LE15000,E7000,PC,MK",9.4381,9.3458,12.1947,9.8244,11.2857,11.8481,9.8288,9.1587,10.6991
"A,KWH_LE15000,E7000,PC,MT",3.7405,3.5227,4.3223,4.0189,4.519,4.8293,4.1393,4.3453,3.7434 p
"A,KWH_LE15000,E7000,PC,NL",10,9,11,11,11,9,8,7,6
"A,KWH_LE15000,E7000,PC,NO",49.07,49.07,49.07,49.07,49.07,69.791,61.073,64.7201,65.05
"A,KWH_LE15000,E7000,PC,PL",5.6625,4.7853,4.3203,5.2248,5.22,4.6541,4.3803,4.0272,4.3668
"A,KWH_LE15000,E7000,PC,PT",5.1,5.04,5.3,5.2,6.02,7.676,6.72,6.16,5.318
"A,KWH_LE15000,E7000,PC,RO",2.4217,5.5678,2.978,3.1011,4.0325,5.1193,6.9396,5.0605,3.9
"A,KWH_LE15000,E7000,PC,RS",5.1146,4.5879,4.6817,4.7196,6.2786,5.9614,4.8817,4.4605,4.3384
"A,KWH_LE15000,E7000,PC,SE",51,51,51,44.64,44.64,44.64,41.8654,40.3467,41.0641
"A,KWH_LE15000,E7000,PC,SI",7.5,9.1,9.0866,8.9,10.3143,11.2888,9.6184,8.9,8.7487
"A,KWH_LE15000,E7000,PC,SK",7.6,7.8,8.1,8,9.4,9.3,8.6,7.5,8.8
"A,KWH_LE15000,E7000,PC,TR",5.6199,4.5291,4.2166,3.9403,4.2448,5.4547,7.3087,8.4203,8.4499
"A,KWH_LE15000,E7000,PC,UA",:,4.9705,5.5667,6.5899,:,:,:,:,:
"A,KWH_LE15000,E7000,PC,XK",5.2287,7.0675,2.0506,3.1656,5.41,4.6435,3.0587,2.1215,2.5717
"A,KWH_LT1000,E7000,PC,AL",:,55.4000 e,50.2000 e,36.6000 e,43.4000 e,34.8000 e,33.1000 e,32.4000 e,32.4000 e
"A,KWH_LT1000,E7000,PC,AT",2.3,2.6,2.4,2.6,2.5,2.3,2.6,3.44,3.9
"A,KWH_LT1000,E7000,PC,BA",2.072,2.1471,2.1687,2.0613,2.1385,2.2051,2.1767,2.1067,2.0546
"A,KWH_LT1000,E7000,PC,BE",1.8216,2.1941,2.6196,3.1052,3.3223,3.0917,3.9429,4.0671,4.2078
"A,KWH_LT1000,E7000,PC,BG",3.3,3.4606,4.0404,3.3751,3.6247,3.4888,3.5155,3.3071,2.7329
"A,KWH_LT1000,E7000,PC,CY",:,2.2515,1.9619,1.8006,1.8902,2.7373,2.4159,2.4318,2.6658
"A,KWH_LT1000,E7000,PC,CZ",6,5,4,5,5,5,5,5,5
"A,KWH_LT1000,E7000,PC,DE",4,4,5.4595,6.46,5.415,6.44,7,7.06,6.9347
"A,KWH_LT1000,E7000,PC,DK",3,3,2.5,2.5,2.5,2.5,2.5,2.5,2.5
"A,KWH_LT1000,E7000,PC,EA",1.6049,3.4689,3.2103,3.9767,3.9311,:,:,:,:
"A,KWH_LT1000,E7000,PC,EE",2.3144,3.7855,3.6123,3.2863,2.9461,3.5426,3.4344,3.2142,3.1378
"A,KWH_LT1000,E7000,PC,EL",1.98,3.59,3.39,4.34,3.12,4.4503,5,5.13,4.15
"A,KWH_LT1000,E7000,PC,ES",:,:,5.345,4.1677,5.8,5.1,6.3383,6.3272,5.6424
"A,KWH_LT1000,E7000,PC,EU27_2020",2.7306,4.5828,4.3239,4.325,4.4322,4.5887 e,:,:,:
"A,KWH_LT1000,E7000,PC,FI",1.93,2,2,1.6,1.4402,2.0633,3.32,3.046,3.1946
"A,KWH_LT1000,E7000,PC,FR",1.3666,1.4848,1.4336,1.412,1.4301,1.4308,1.387,1.5388,1.8091
"A,KWH_LT1000,E7000,PC,GE",:,10.2,10.6,9.6,9.9,17.6,11.6,9.3,8.3
"A,KWH_LT1000,E7000,PC,HR",3.83,3.59,3.6311,3.6157,3.7302,3.6259,3.9071,3.6527,3.4694 p
"A,KWH_LT1000,E7000,PC,HU",6.4982,6.5109,6.29,7.3358,7.3941,6.3696,9.4313,14.442,4.8908
"A,KWH_LT1000,E7000,PC,IE",2.2685,2.7639,2.6772,2.779,2.5064,2.7855,3.9343,6.8496,9.8217
"A,KWH_LT1000,E7000,PC,IS",0.8307,0.8085,0.9477,1.0103,0.9713,1.105,1.2235,1.2236,:
"A,KWH_LT1000,E7000,PC,IT",:,19.9581,7.492,7.406,7.467,7.72,9.1826,9.7212,8.7008
"A,KWH_LT1000,E7000,PC,LI",:,1.7659,1.8255,1.7639,1.6351,1.984,2.3426,2.3699,2.4023
"A,KWH_LT1000,E7000,PC,LT",10.5148,9.4437,10.1317,9.334,13.3106,20.3382,24.2428,23.776,21.6125
"A,KWH_LT1000,E7000,PC,LU",1.58,1.94,1.73,1.78,1.75,1.6,1.7,:,2.7
"A,KWH_LT1000,E7000,PC,LV",32.3056,9.16,9.57,10.5595,10.2747,12.0322,14.1465,12.2157,11.5874
"A,KWH_LT1000,E7000,PC,MD",41.2484,38.9805,36.4518,36.1626,32.693,35.8503,38.0054,33.969,33.1246
"A,KWH_LT1000,E7000,PC,ME",2.0401,2.1503,2.1872,2.3665,2.3006,2.2339,2.0868,2.032,2.0487
"A,KWH_LT1000,E7000,PC,MK",2.2152,1.7984,1.6202,1.5894,1.8106,1.9958,2.1792,1.7118,1.9703
"A,KWH_LT1000,E7000,PC,MT",2.8112,2.8456,2.2132,2.321,2.1896,1.9618,2.0933,2.0172,2.2819 p
"A,KWH_LT1000,E7000,PC,NL",1,2,3,2,2,2,3,3,3
"A,KWH_LT1000,E7000,PC,NO",0.12,0.12,0.12,0.12,0.12,0.0358,0.0577,0.0525,0.05
"A,KWH_LT1000,E7000,PC,PL",7.8049,8.4113,7.4025,7.8455,8.2623,10.663,10.7685,10.5458,10.6944
"A,KWH_LT1000,E7000,PC,PT",5.5,5.23,5.7,5.3,4.888,5.082,5.54,5.46,4.653
"A,KWH_LT1000,E7000,PC,RO",24.8914,24.2105,26.8597,20.6666,19.0097,17.5206 e,16.0999,16.2138,17.07
"A,KWH_LT1000,E7000,PC,RS",1.4796,1.5564,1.595,1.6725,1.3005,1.4249,1.5021,1.6925,2.593
"A,KWH_LT1000,E7000,PC,SE",1,1,1,0.82,0.82,0.82,1.0869,1.213,1.1891
"A,KWH_LT1000,E7000,PC,SI",4.6,3.1,3.1975,3.1,2.9918,3.0127,3.3973,4.1,3.5401
"A,KWH_LT1000,E7000,PC,SK",5.5,5.5,5.5,5.8,5.2,5.4,5.8,6.2,5.9
"A,KWH_LT1000,E7000,PC,TR",15.7492,12.6415,13.8962,11.2103,8.5672,9.4465,9.7834,8.2247,8.8607
"A,KWH_LT1000,E7000,PC,UA",:,19.6599,20.0532,8.6692,:,:,:,:,:
"A,KWH_LT1000,E7000,PC,XK",1.4227,1.2641,3.2058,2.4241,2.542,2.9303,3.0996,3.3287,3.1903