country,year,pct_resistant,n_tested,ddd
Belgium,2005,3.61445783,1577,0.092805
Bulgaria,2005,28.07881773,203,0.141034
Denmark,2005,1.14942528,957,0.02059
Estonia,2005,1.29032258,155,0.039111
Greece,2005,7.023705,1139,0.198786
Finland,2005,1.77267987,1918,0.114873
France,2005,1.3881748,5835,1.895988
Croatia,2005,0.78492935,637,0.530183
Hungary,2005,3.74639769,1041,0.583144
Ireland,2005,3.56125356,1404,0.107207
Iceland,2005,0,130,0.069069
Italy,2005,8.48026868,1191,1.983502
Luxembourg,2005,3.19148936,188,0.153477
Norway,2005,0.82831325,1328,0.021773
Sweden,2005,1.28125,3200,0.058029
Slovenia,2005,1.67427701,657,0.195844
Slovakia,2005,8.24742268,97,0.200491
Belgium,2006,2.91021671,1615,0.088882
Bulgaria,2006,28.57142857,196,0.230587
Cyprus,2006,15.55555555,90,0.446402
Denmark,2006,2.44698205,1839,0.022785
Estonia,2006,0.46948356,213,0.034991
Greece,2006,6.07513988,1251,0.286828
Finland,2006,1.81526962,1873,0.115892
France,2006,1.96516301,6717,1.771819
Croatia,2006,1.41570141,777,0.550276
Hungary,2006,4.964539,1128,0.576122
Ireland,2006,3.50338045,1627,0.147277
Lithuania,2006,4.67836257,171,0.035118
Luxembourg,2006,1.79640718,167,0.141503
Latvia,2006,6.4516129,62,0.45576
Norway,2006,1.39860139,1573,0.11374
Sweden,2006,1.52585476,3539,0.060017
Slovenia,2006,1.67364016,717,0.224381
Belgium,2007,3.92832529,1451,0.086718
Bulgaria,2007,22.83464566,127,0.260939
Cyprus,2007,18.34862385,109,0.586512
Denmark,2007,3.24601366,1756,0.027169
Estonia,2007,1.38248847,217,0.038092
Greece,2007,7.62987012,1232,0.533264
Finland,2007,1.54004106,1948,0.115095
France,2007,2.48724489,7840,2.014314
Croatia,2007,2.6744186,860,0.818543
Hungary,2007,5.41012216,1146,0.461348
Ireland,2007,5.40229885,1740,0.142974
Italy,2007,11.45281018,943,1.957824
Lithuania,2007,6.80851063,235,0.123332
Luxembourg,2007,4.04411764,272,0.147533
Latvia,2007,14.47368421,76,0.543018
Malta,2007,12.82051282,117,0.129872
Norway,2007,2.15995329,1713,0.118841
Sweden,2007,2.26848145,3747,0.061478
Slovenia,2007,4.23031727,851,0.258937
Belgium,2008,4.18736692,1409,0.081844
Bulgaria,2008,29.25170068,147,0.443652
Cyprus,2008,19.32773109,119,0.567737
Denmark,2008,4.05785456,2489,0.033492
Estonia,2008,4.58015267,262,0.044161
Greece,2008,9.93150684,1460,0.454839
Finland,2008,2.10828941,2087,0.104285
France,2008,3.81727158,7990,1.854176
Croatia,2008,3.82932166,914,0.886193
Hungary,2008,9.17691579,1057,0.491089
Ireland,2008,5.91715976,1859,0.152597
Italy,2008,15.90612777,767,2.193662
Lithuania,2008,5.59210526,304,0.244526
Luxembourg,2008,6.29139072,302,0.152066
Latvia,2008,11.11111111,90,0.434227
Malta,2008,20.96774193,124,0.211081
Norway,2008,2.55697609,1799,0.121913
Sweden,2008,2.25806451,4030,0.085897
Slovenia,2008,4.23340961,874,0.261321
Belgium,2009,6.45363408,1596,0.095731
Bulgaria,2009,19.17098445,193,0.571099
Cyprus,2009,13.97058823,136,0.577633
Denmark,2009,6.17375231,2705,0.03354
Estonia,2009,2.19435736,319,0.041211
Greece,2009,10.13774104,1815,0.413627
Finland,2009,2.80330882,2176,0.10471
France,2009,6.72268907,8449,2.053834
Hungary,2009,12.92775665,1052,0.497133
Ireland,2009,6.49546827,1986,0.131288
Lithuania,2009,7.84982935,293,0.085812
Luxembourg,2009,8.30564784,301,0.16512
Latvia,2009,11.62790697,86,0.306356
Malta,2009,14.55696202,158,0.231893
Norway,2009,2.27518959,1846,0.133234
Portugal,2009,9.20502092,1912,0.507367
Romania,2009,13.55932203,59,0.443631
Slovenia,2009,4.59126539,893,0.25616
Belgium,2010,5.17418032,1952,0.086017
Bulgaria,2010,24.8366013,153,0.732889
Cyprus,2010,20.14388489,139,0.499219
Denmark,2010,7.59966777,2408,0.028289
Estonia,2010,5.50161812,309,0.050786
Greece,2010,14.20039814,1507,0.234726
Finland,2010,3.74651255,2509,0.090796
France,2010,7.24894701,9022,1.997069
Croatia,2010,8.73015873,882,0.96255
Hungary,2010,19.45046999,1383,0.508697
Ireland,2010,7.69230769,2119,0.137164
Iceland,2010,3.84615384,104,0.061029
Italy,2010,21.04175279,2419,2.207956
Lithuania,2010,8.7087087,333,0.084255
Luxembourg,2010,9.32203389,354,0.16712
Latvia,2010,12.24489795,98,0.669447
Malta,2010,15.625,192,0.258889
Netherlands,2010,4.92711968,4871,0.057496
Norway,2010,3.69230769,2275,0.13673
Portugal,2010,10.4253112,1928,0.492669
Sweden,2010,2.9082774,4470,0.119633
Slovenia,2010,6.61764705,952,0.212051
Belgium,2011,6.04767879,3985,0.099341
Bulgaria,2011,22.90502793,179,0.91666
Cyprus,2011,36.23188405,138,0.379512
Denmark,2011,8.49131121,2532,0.027911
Estonia,2011,12.22222222,90,0.0547
Greece,2011,14.91289198,1435,0.195323
Finland,2011,5,3020,0.109661
France,2011,8.17313362,8479,2.056227
Croatia,2011,9.56256358,983,0.910978
Hungary,2011,15.11437908,1224,0.494833
Ireland,2011,8.95660203,2166,0.140893
Iceland,2011,6.15384615,130,0.064926
Italy,2011,19.83957219,1870,2.222946
Lithuania,2011,7.01298701,385,0.113328
Luxembourg,2011,8.21529745,353,0.164294
Latvia,2011,15.9090909,132,0.18575
Malta,2011,12.78538812,219,0.33244
Netherlands,2011,5.83793738,5430,0.05758
Norway,2011,3.64645263,2523,0.141082
Portugal,2011,11.25723303,1901,0.460954
Romania,2011,21.05263157,95,0.787832
Sweden,2011,3.64562916,5102,0.12357
Slovenia,2011,8.78243512,1002,0.186402
Slovakia,2011,30.94594594,740,0.507549
Belgium,2012,6.88308518,4097,0.096009
Bulgaria,2012,38.11659192,223,1.010288
Cyprus,2012,31.81818181,176,0.710502
Denmark,2012,7.860262,2519,0.026414
Estonia,2012,7.86885245,305,0.058275
Greece,2012,16.22397702,1393,0.168279
Finland,2012,6.19860847,3162,0.09952
France,2012,9.95503503,9563,1.853647
Croatia,2012,7.61589403,906,0.937775
Hungary,2012,17.43444365,1411,0.47684
Ireland,2012,9.17832167,2288,0.135978
Iceland,2012,5.07246376,138,0.064504
Italy,2012,26.29295962,2997,2.161867
Lithuania,2012,4.76190476,462,0.143334
Luxembourg,2012,11.3772455,334,0.180536
Latvia,2012,12.98701298,154,0.434962
Malta,2012,12.91866028,209,0.337761
Netherlands,2012,6.07753512,5907,0.063226
Norway,2012,4.90228552,3019,0.14426
Portugal,2012,13.5097493,2154,0.363785
Romania,2012,25.13089005,191,0.926439
Sweden,2012,4.4608994,5537,0.130522
Slovenia,2012,9.50342465,1168,0.161571
Slovakia,2012,30.73593073,693,0.696799
Belgium,2013,7.99802517,4051,0.095057
Bulgaria,2013,39.57219251,187,1.144688
Cyprus,2013,38.88888888,162,0.749405
Denmark,2013,8.07833537,2451,0.027542
Estonia,2013,7.35294117,340,0.059933
Greece,2013,17.21115537,1255,0.195046
Finland,2013,7.06989247,3720,0.096078
France,2013,9.52334055,10154,1.763466
Croatia,2013,8.75,1040,0.586169
Hungary,2013,18.85873347,1437,0.494235
Ireland,2013,10.64516129,2480,0.120564
Iceland,2013,4.95867768,121,0.084111
Italy,2013,26.19047619,3990,2.301956
Lithuania,2013,7.60368663,434,0.166178
Luxembourg,2013,10.63122923,301,0.189101
Latvia,2013,13.97058823,136,0.462183
Malta,2013,8.67768595,242,0.451465
Netherlands,2013,6.07651912,6665,0.068808
Norway,2013,5.52486187,3077,0.139348
Portugal,2013,14.93651979,2678,0.329685
Romania,2013,22.81879194,298,0.985716
Sweden,2013,5.20446096,7532,0.136769
Slovenia,2013,8.74183006,1224,0.151483
Slovakia,2013,29.73977695,807,0.95729
United Kingdom,2013,14.71302763,6586,0.051571
Belgium,2014,9.74304068,2802,0.091251
Bulgaria,2014,40.36697247,218,1.331393
Cyprus,2014,28.75816993,153,0.780316
Denmark,2014,7.00680272,4410,0.025478
Estonia,2014,9.26829268,410,0.074442
Greece,2014,21.03386809,1122,0.20006
Finland,2014,5.4627089,4009,0.097727
France,2014,9.94298966,10349,1.690574
Croatia,2014,10.84337349,1079,0.413267
Hungary,2014,16.42989499,1619,0.403796
Ireland,2014,10.73950204,2691,0.106617
Italy,2014,28.66811044,3694,2.204315
Lithuania,2014,8.08080808,594,0.155768
Luxembourg,2014,11.95652173,368,0.17364
Latvia,2014,10.9090909,165,0.450233
Malta,2014,10.82089552,268,0.998731
Netherlands,2014,6.12015721,7124,0.073716
Norway,2014,5.78778135,3421,0.132296
Poland,2014,10.50691244,1085,0.137168
Portugal,2014,16.42117834,5024,0.325008
Romania,2014,29.4117647,306,1.046635
Sweden,2014,5.56064772,6546,0.130561
Slovenia,2014,12.74671052,1216,0.136236
Slovakia,2014,31.8335208,889,0.973725
United Kingdom,2014,10.31988426,6221,0.054625
Belgium,2015,9.67990744,2593,0.098327
Bulgaria,2015,38.53658536,205,1.319913
Cyprus,2015,28.45528455,123,0.820637
Denmark,2015,7.4764306,4561,0.025987
Estonia,2015,11.38211382,246,0.078061
Greece,2015,19.83539094,1215,0.205712
Finland,2015,6.05711653,4342,0.084688
France,2015,10.97638222,11051,1.793179
Croatia,2015,12.52390057,1046,0.400716
Hungary,2015,16.73247778,2026,0.365512
Ireland,2015,11.3722517,2638,0.084767
Italy,2015,30.07868383,5592,2.203749
Lithuania,2015,16.00688468,581,0.170399
Luxembourg,2015,12.68011527,347,0.187878
Latvia,2015,17.91044776,201,0.466627
Malta,2015,11.76470588,238,0.79157
Netherlands,2015,6.07859768,7074,0.074985
Norway,2015,6.02847621,3301,0.130236
Poland,2015,11.92546583,1610,0.147356
Portugal,2015,16.09002976,5376,0.342464
Romania,2015,26.82926829,369,1.270099
Sweden,2015,6.23853211,5995,0.141116
Slovenia,2015,13.65007541,1326,0.138151
Slovakia,2015,30.0111982,893,1.01092
United Kingdom,2015,11.25943122,5169,0.054359
Belgium,2016,10.48969761,3737,0.095631
Bulgaria,2016,41.59663865,238,1.581651
Cyprus,2016,30.20134228,149,0.943552
Denmark,2016,6.56793303,4659,0.02655
Estonia,2016,8.98716119,701,0.057067
Greece,2016,17.6380368,1304,0.34751
Spain,2016,14.97058823,6800,0.677631
Finland,2016,6.89582454,4742,0.104061
France,2016,11.22602315,11313,1.660484
Croatia,2016,14.7368421,1045,0.346514
Hungary,2016,16.70847967,1993,0.452178
Ireland,2016,11.39028475,2985,0.082613
Italy,2016,29.77433479,5938,2.109161
Lithuania,2016,14.71698113,795,0.154591
Luxembourg,2016,13.63636363,418,0.187191
Latvia,2016,24.11067193,253,0.477588
Malta,2016,14.63414634,328,0.668798
Netherlands,2016,6.59310344,7250,0.076056
Norway,2016,5.55709151,3617,0.126425
Poland,2016,13.71827877,2719,0.18301
Portugal,2016,16.0615491,5784,0.330725
Romania,2016,23.44497607,418,1.205189
Sweden,2016,8.26386892,6958,0.142042
Slovenia,2016,12.53521126,1420,0.135886
Slovakia,2016,29.7330097,824,1.031965
United Kingdom,2016,9.23738899,21846,0.058566
Belgium,2017,9.73886986,4672,0.095615
Bulgaria,2017,41.29554655,247,1.626777
Cyprus,2017,30.76923076,156,1.012958
Denmark,2017,6.90149498,4883,0.031784
Estonia,2017,8.75634517,788,0.054464
Greece,2017,18.29931972,1470,0.29704
Spain,2017,12.80902604,6027,0.679753
Finland,2017,6.85429829,5223,0.095875
France,2017,10.22318753,13352,1.406047
Croatia,2017,16.46341463,1148,0.481939
Hungary,2017,20.11661807,2058,0.470769
Ireland,2017,11.98333867,3121,0.094046
Iceland,2017,6.10328638,213,0.131071
Italy,2017,29.48989684,7077,1.947803
Lithuania,2017,16.78403755,852,0.167879
Luxembourg,2017,9.69976905,433,0.52106
Latvia,2017,21.95121951,205,0.485325
Malta,2017,15.60509554,314,0.699823
Netherlands,2017,6.36569449,7509,0.071298
Norway,2017,5.8650241,3734,0.132108
Poland,2017,16.67829727,2866,0.178819
Portugal,2017,15.58764167,6441,0.407865
Romania,2017,18.72586872,518,1.272559
Sweden,2017,7.35751295,5790,0.111591
Slovenia,2017,12.47386759,1435,0.134584
Slovakia,2017,30.91954022,870,0.826072
United Kingdom,2017,10.25604297,27925,0.066093
Belgium,2018,9.02239448,4644,0.099859
Bulgaria,2018,38.69863013,292,1.696008
Cyprus,2018,37.08609271,151,1.047161
Denmark,2018,7.65570039,4833,0.028068
Estonia,2018,9.76470588,850,0.053681
Greece,2018,19.32926829,1640,0.364103
Spain,2018,13.75741512,7923,0.716432
Finland,2018,7.60956175,5020,0.075623
France,2018,9.59251625,12614,1.27365
Croatia,2018,14.81164383,1168,0.556099
Hungary,2018,22.61603375,2370,0.508168
Ireland,2018,12.88229842,3237,0.105056
Iceland,2018,8.08080808,198,0.125975
Italy,2018,28.69624069,16253,2.104555
Lithuania,2018,15.32912533,1109,0.171709
Luxembourg,2018,12.5,424,0.179079
Latvia,2018,20.40229885,348,0.414972
Malta,2018,15.36144578,332,0.680042
Netherlands,2018,7.31559854,8270,0.076329
Norway,2018,6.75431812,3879,0.134547
Poland,2018,17.59541984,2620,0.221658
Portugal,2018,14.70838292,5881,0.421392
Romania,2018,20.18348623,654,1.365035
Sweden,2018,8.33024118,5390,0.112978
Slovenia,2018,11.33093525,1668,0.155427
Slovakia,2018,30.11305241,973,2.405258
United Kingdom,2018,10.96697701,28677,0.072612
Austria,2019,9.31870291,6106,0.296191
Belgium,2019,9.98221996,3937,0.102422
Bulgaria,2019,38.63636363,352,1.781172
Cyprus,2019,20.65217391,92,1.177364
Czechia,2019,15.91228563,3557,0.134232
Denmark,2019,7.54272245,5091,0.030117
Estonia,2019,11.53846153,910,0.052349
Greece,2019,18.94736842,190,0.438335
Spain,2019,14.11623726,8345,0.735708
Finland,2019,7.85146868,5413,0.077088
France,2019,8.84860588,13019,1.178401
Croatia,2019,15.94470046,1085,0.651215
Hungary,2019,20.5967675,2413,0.535386
Ireland,2019,12.07056638,3231,0.095509
Iceland,2019,7.00389105,257,0.115628
Italy,2019,30.8653376,18409,2.311072
Lithuania,2019,13.86925795,1132,0.148988
Luxembourg,2019,12.60162601,492,0.177549
Latvia,2019,19.68325791,442,0.477751
Malta,2019,17.46987951,332,0.707609
Netherlands,2019,7.52054794,7300,0.079457
Norway,2019,6.18404907,4075,0.124211
Poland,2019,17.12450945,2803,0.230107
Portugal,2019,16.10328638,6390,0.332087
Romania,2019,20.3313253,664,1.485072
Sweden,2019,7.82460983,9419,0.110013
Slovenia,2019,9.81366459,1610,0.155197
Slovakia,2019,23.04964539,846,0.971767
United Kingdom,2019,11.51430827,26593,0.071934
Austria,2020,9.46800595,5376,0.226382
Belgium,2020,9.88425925,4320,0.094485
Bulgaria,2020,41.37931034,261,2.09195
Cyprus,2020,29.8245614,114,1.09054
Czechia,2020,13.27994661,2997,0.171398
Denmark,2020,6.6969353,5286,0.025182
Estonia,2020,8.27374872,979,0.058951
Greece,2020,21.86948853,567,0.405009
Spain,2020,14.07541322,7744,0.672115
Finland,2020,7.17346748,5367,0.089061
France,2020,9.4659808,18857,0.903406
Croatia,2020,16.56590084,827,0.619211
Hungary,2020,20.13251783,1962,0.47717
Ireland,2020,11.8245614,2850,0.084822
Iceland,2020,11.02040816,245,0.126583
Italy,2020,26.41066666,18750,1.800464
Lithuania,2020,15.93695271,1142,0.136831
Luxembourg,2020,11.44859813,428,0.188902
Latvia,2020,24.074074070000002,378,0.459814
Malta,2020,12.27436823,277,0.610386
Netherlands,2020,6.64531625,7494,0.090873
Norway,2020,5.79479,3762,0.107709
Poland,2020,17.44935543,2172,0.295718
Portugal,2020,14.44847229,5793,0.296076
Romania,2020,19.69026548,452,1.305453
Sweden,2020,7.86642306,9852,0.103002
Slovenia,2020,10.57513914,1617,0.119758
Slovakia,2020,27.09766162,727,0.748665
Austria,2021,8.28968755,5537,0.2916
Belgium,2021,8.26096166,4721,0.092615
Bulgaria,2021,37.26235741,263,2.932175
Cyprus,2021,32.8125,192,1.092412
Czechia,2021,14.41717791,2934,0.191504
Denmark,2021,6.16691285,5416,0.025788
Estonia,2021,8.07319698,929,0.05588
Greece,2021,21.73314993,727,0.497253
Spain,2021,13.15824915,7425,0.679048
Finland,2021,6.60458699,5799,0.069992
France,2021,8.34267413,18735,0.922816
Croatia,2021,18.59504132,726,0.834999
Hungary,2021,20.40485829,2470,0.518637
Ireland,2021,9.95521873,2903,0.085501
Iceland,2021,10.43165467,278,0.129324
Italy,2021,24.37776864,21897,1.684962
Lithuania,2021,13.61665221,1153,0.116254
Luxembourg,2021,11.29943502,354,0.172797
Latvia,2021,18.32061068,393,0.424995
Malta,2021,13.71237458,299,0.371611
Netherlands,2021,6.64638783,6575,0.100921
Norway,2021,5.49622297,3839,0.118629
Poland,2021,18.72627583,2371,0.441078
Portugal,2021,13.08993766,5615,0.320169
Romania,2021,18.78787878,495,1.55454
Sweden,2021,7.11934543,10633,0.109346
Slovenia,2021,9.28019036,1681,0.119866
Slovakia,2021,23.11248073,649,0.976787
Austria,2022,8.32025117,5096,0.273471
Belgium,2022,8.75555555,4500,0.093445
Bulgaria,2022,40.16736401,239,3.012981
Cyprus,2022,32.44444444,225,1.306009
Czechia,2022,14.75042063,3566,0.159455
Denmark,2022,6.62786331,5326,0.028153
Estonia,2022,11.76470588,1003,0.068803
Greece,2022,23.31983805,1235,0.608898
Spain,2022,14.87741262,9585,0.827957
Finland,2022,6.10770577,4568,0.066215
France,2022,8.44148515,17722,1.031456
Croatia,2022,17.42654508,987,0.974692
Hungary,2022,22.57309941,2565,0.648169
Ireland,2022,9.67741935,3007,0.095514
Iceland,2022,9.78723404,235,0.189495
Italy,2022,24.24384159,25656,2.218849
Lithuania,2022,15.43162719,1309,0.127629
Luxembourg,2022,10.44776119,469,0.170718
Latvia,2022,20.04132231,484,0.404439
Malta,2022,11.34969325,326,0.539378
Netherlands,2022,7.74774774,7215,0.100638
Norway,2022,5.83043594,3739,0.130831
Poland,2022,18.6882655,2531,0.417884
Portugal,2022,14.09699601,5526,0.365266
Romania,2022,17.82608695,690,2.009932
Slovenia,2022,9.33734939,1660,0.162588
Slovakia,2022,23.69791666,768,1.117065
Austria,2023,9.85248588,5491,0.242416
Belgium,2023,10.08878127,4956,0.097078
Bulgaria,2023,37.25490196,306,3.010152
Czechia,2023,15.87872559,3892,0.169562
Germany,2023,9.73319749,36319,0.490263
Denmark,2023,6.31638846,5272,0.025651
Estonia,2023,11.43911439,1084,0.068616
Greece,2023,22.82921219,1739,0.607523
Spain,2023,16.21534146,9269,0.912506
Finland,2023,7.0858751699999996,4262,0.062495
Croatia,2023,20.01527883,1309,1.173999
Hungary,2023,21.3352685,2756,0.760744
Ireland,2023,10.4233483,3118,0.110872
Iceland,2023,12.01550387,258,0.188597
Italy,2023,26.67647161,28557,2.568599
Lithuania,2023,16.95945945,1480,0.114749
Luxembourg,2023,11.71366594,461,0.185288
Latvia,2023,25.54112554,462,0.387637
Malta,2023,11.29807692,416,0.857122
Netherlands,2023,7.97193877,7840,0.098233
Norway,2023,5.62248995,3984,0.126201
Poland,2023,19.56309096,3067,0.473266
Portugal,2023,17.19506481,6403,0.377594
Romania,2023,19.09090909,990,2.182544
Slovenia,2023,8.6638194,1639,0.183424
Slovakia,2023,21.55172413,696,1.185528
Austria,2024,10.55105348,6170,0.265529
Belgium,2024,11.91865938,5311,0.099258
Bulgaria,2024,34.52380952,336,3.058723
Cyprus,2024,38.75,400,1.198754
Czechia,2024,15.7882408,4269,0.161215
Germany,2024,10.60872886,47131,0.51473
Denmark,2024,6.76103557,5369,0.02284
Estonia,2024,9.94623655,1116,0.074974
Greece,2024,25.50066755,1498,0.662833
Spain,2024,16.83130334,10427,0.900274
Finland,2024,7.45401742,4132,0.055097
France,2024,10.46973591,21395,0.936396
Croatia,2024,19.39451277,1057,1.18453
Hungary,2024,20.73687642,3067,0.754151
Ireland,2024,11.91385897,2879,0.121496
Iceland,2024,14.13793103,290,0.213045
Italy,2024,27.73332489,31619,2.441751
Lithuania,2024,15.82278481,1738,0.102441
Luxembourg,2024,12.97709923,524,0.182449
Latvia,2024,28.86115444,641,0.421547
Malta,2024,24.7464503,493,0.868679
Netherlands,2024,9.09698251,8981,0.10999
Norway,2024,6.79074446,3976,0.120965
Poland,2024,18.81295943,3673,0.489066
Portugal,2024,18.71056241,7290,0.378624
Romania,2024,20.67164179,1340,2.051337
Slovenia,2024,9.06963136,1709,0.159495
Slovakia,2024,24.58172458,777,1.125488
